{
  "x": 0.0,
  "y": 0.0,
  "z": 0.0,
  "qx": 0.0,
  "qy": -0.0174524,
  "qz": 0.0,
  "qw": 0.9998477
}
